DISTRITO,tmin_mean_total
CODO DEL POZUZO,18.761000246422316
TOURNAVISTA,22.048223341557016
ALEXANDER VON HUMBOLDT,21.86290740966797
IRAZOLA,22.097315240675407
NESHUYA,21.937903109463782
PADRE ABAD,20.078721400669643
CURIMANA,22.027528036794354
PUERTO INCA,21.585726224459137
NUEVA REQUENA,22.053294836956518
CAMPOVERDE,21.91120784108232
CONTAMANA,21.204777664811644
HUANCHACO,17.633370293511284
SANTIAGO DE CAO,18.339739990234374
SIMBAL,16.16620566628196
MAGDALENA DE CAO,18.065458424886067
CHOCOPE,18.007087453206378
PAIJAN,18.02424850463867
SINSICAP,13.194317626953126
CHICAMA,17.896813583374023
RAZURI,17.801843539151278
MARMOT,14.433559265136719
ASCOPE,17.86426200866699
CASCAS,14.196843338012695
CASA GRANDE,17.67258046468099
SAN BENITO,15.870680618286134
SAN PEDRO DE LLOC,17.878908575148813
CUPISNIQUE,14.989034356011285
CORONEL GREGORIO ALBARRACIN LANCHIPA,14.800521850585938
POCOLLAY,12.301860894097222
CALANA,11.864772415161132
TACNA,12.454092407226563
SAMA,15.038134765625
CIUDAD NUEVA,11.816229030064173
ITE,15.359222412109375
ILO,15.844210815429687
ALTO DE LA ALIANZA,11.760835571289062
PACHIA,8.70885154322574
ESTIQUE-PAMPA,5.7463860511779785
ESTIQUE,4.406302871704102
TARUCACHI,0.7286340832710266
INCLAN,12.516345480213994
LOCUMBA,13.195778547014509
EL ALGARROBAL,14.18482719089674
PALCA,-2.3034716624133993
HEROES ALBARRACIN,8.727951267787388
CURIBAYA,8.13548011779785
SITAJARA,5.639105309380425
QUILAHUANI,4.741020774841308
PACOCHA,15.797515164888821
TARATA,-4.995735876900809
HUANUARA,3.998790868123373
TICACO,-4.41739467274059
ILABAYA,10.189268663194445
SAMEGUA,12.443450355529786
PUNTA DE BOMBON,14.85192845662435
CAIRANI,-0.25178641080856323
SUSAPAYA,-5.157803344726562
DEAN VALDIVIA,16.02255916595459
CAMILACA,-2.2415350777762275
MEJIA,14.903877258300781
CAPAZO,-5.191071134000211
CANDARAVE,-4.359306534476902
ISLAY,14.467289595170453
TORATA,3.428558049436475
MOQUEGUA,12.235452270507812
CUCHUMBAYA,3.2336862564086912
PISACOMA,-3.2487246889056585
COCACHACRA,13.617548384232956
MOLLENDO,12.879730428059895
LA CAPILLA,10.651360595703125
CAMANA,17.38395881652832
QUINISTAQUILLAS,4.655208778381348
JOSE MARIA QUIMPER,
KELLUYO,-1.3415794821346505
SAN CRISTOBAL,0.4068477630615234
DESAGUADERO,-0.21370192646980285
SAMUEL PASTOR,16.323426818847658
QUEQUEÑA,8.302305889129638
OMATE,4.018660593032837
SANTA ROSA,-4.86188007701527
YARABAMBA,8.87248772515191
POLOBAYA,6.497388567243304
MOLLEBAYA,
CARUMAS,-3.411974711357793
PUQUINA,3.900422134399414
QUILCA,14.33220329284668
COALAQUE,0.3267089313930936
HUACULLANI,-1.9240907578241255
SOCABAYA,
POCSI,3.863808441162109
JACOBO HUNTER,9.244612884521484
SABANDIA,
CONDURIRI,-2.4478748180248124
JOSE LUIS BUSTAMANTE Y RIVERO,
TIABAYA,9.039601135253907
SACHACA,
CHARACATO,5.194550247192383
LA JOYA,11.774303690592449
PAUCARPATA,9.353759384155273
SANTA RITA DE SIGUAS,12.111296183268228
AREQUIPA,7.990961933135987
MATALAQUE,1.7516290162739
YANAHUARA,
UCHUMAYO,11.295350646972656
NICOLAS DE PIEROLA,14.019611065204327
ZEPITA,-0.34799259587338094
SAN JUAN DE SIGUAS,11.918284797668457
COPANI,1.152240252494812
MARIANO MELGAR,6.69662561416626
CHOJATA,-2.0814532725016273
MARISCAL CACERES,14.158815917968749
MIRAFLORES,9.059571647644043
CHIGUATA,3.134257936477661
ALTO SELVA ALEGRE,6.599100017547608
CUTURAPI,
POMATA,0.20666163884676422
ANAPIA,5.344242858886719
LLOQUE,-1.3571578131781683
UNICACHI,
YUNGUYO,2.3432026863098145
OLLARAYA,1.0524041891098022
CERRO COLORADO,6.035001373291015
TINICACHI,
JULI,-0.3443399323357476
CAYMA,-0.06546970307826996
YUNGA,1.6581925868988037
VITOR,11.845958781692218
SANTA ISABEL DE SIGUAS,12.299702911376952
URACA,13.200029645647323
MAJES,12.520523660224782
OCOÑA,12.77343405018682
PILCUYO,1.3307835896809894
ICHUÑA,-0.7926738619804382
SAN ANTONIO,-2.5374190990741434
UBINAS,-1.4302656555175781
PICHACANI,-2.5657123357599434
YURA,3.5124459330240883
SAN JUAN DE TARUCANI,-3.343182144165039
HUANCA,3.642505997877855
CHUCUITO,2.230971622467041
MARIANO NICOLAS VALCARCEL,12.649197235107422
HUANCARQUI,12.267349897112165
IRAY,8.53885555267334
APLAO,12.270332845052085
PUNO,1.0887916711660532
TIQUILLACA,-0.5282307793112363
ATICO,12.92371316557949
LLUTA,3.9205509948730466
TIPAN,8.207055854797364
CARAVELI,10.397616892847521
RIO GRANDE,13.315713321461397
CHALA,14.884448496500653
ACHOMA,-0.9297447718106783
PAUCARCOLLA,1.3196611404418945
UÑON,7.883432145552201
MACA,-1.2438708662986755
CABANILLAS,-1.5139955066499255
ATUNCOLLA,1.153920857111613
YANQUE,-2.548900624868032
CHUQUIBAMBA,9.15265851702009
COATA,0.5344936460256576
HUAMBO,7.825316454016644
CABANACONDE,3.0442288208007815
SAN ANTONIO DE CHUCA,-4.390305680495042
HUATA,0.004336926341056824
CHAPARRA,12.553203986672793
CABANA,1.5032394727071128
PAMPACOLCA,1.4130964067247178
VIRACO,-0.3896798038482666
ANDARAY,9.418711744035994
AYO,6.401451110839844
CHIVAY,0.9889146941048758
COPORAQUE,-0.6310434150695802
YANAQUIHUA,11.046529433306524
ICHUPAMPA,-1.0944908618927003
YAUCA,14.302579413519965
MACHAGUAY,1.6392827563815646
ATIQUIPA,13.669390869140623
CAPACHICA,2.0520214398701984
CABANILLA,-0.288942418495814
MADRIGAL,-0.5828479806582133
TILALI,2.9772670745849608
CARACOTO,0.620410477031361
CONIMA,0.7638684272766113
CHICHAS,8.31295145670573
HUANUHUANU,10.553115609975961
TUTI,-3.25811903817313
PUSI,0.6159045378367106
ANDAGUA,1.9327442677815754
CAHUACHO,6.687668185763888
LARI,-1.9649861199515208
QUICACHA,7.679221158414275
SANTA LUCIA,-3.0639498675311048
JULIACA,0.7307671033419096
URANMARCA,7.602940216064454
ARANCAY,8.801035054524739
MORO,16.210018005371097
MIRGAS,5.573377009800502
COISHCO,17.68879814147949
LLAMELLIN,8.704507827758789
NUEVO CHIMBOTE,17.402890396118163
YUNGAY,5.1838844299316404
COCHABAMBA,10.294041997736151
HUATA,5.203755283355713
NEPEÑA,17.08964146205357
PAMPAROMAS,7.686291862936582
SAN LUIS,7.487798023223877
CHACCHO,10.527889506022134
SANTA,17.702499771118163
CARAZ,6.74021692276001
BAMBAS,9.905210113525392
PAROBAMBA,9.629630432128906
UMACHIRI,-1.242458123427171
PALLPATA,-1.371271304426522
AZANGARO,0.9542820930480957
ESPINAR,-0.5791224852852201
NASCA,14.812240118729443
QUILCAPUNCU,-0.9174798250198364
AYAVIRI,-0.9326974378313336
PUYCA,-0.9118820826212566
HUAYNACOTAS,-0.5375179227193196
ALTO PICHIGUA,-1.1513287734985351
CAYARANI,-1.1180089422997008
PICHIGUA,-0.014126422149794437
APARICIO POMARES,5.266895294189453
HUANCHAY,6.964710453578405
RECUAY,3.859831401279995
YANAS,5.778855895996093
TICAPAMPA,2.5547775650024414
QUEROPALCA,2.473628679911296
CHIQUIAN,4.605478591918945
AMBO,9.545411851671009
CHETILLA,8.567107009887696
BOLIVAR,11.159359036959135
PUEBLO NUEVO,17.918826633029514
JUANJUI,20.829222224308893
JOSE SABOGAL,10.858584953756894
SACANCHE,21.01400260925293
ETEN PUERTO,18.294732666015626
EL ESLABON,21.337862396240233
JORGE CHAVEZ,11.129944610595704
ANTONIO RAYMONDI,12.73701229095459
CAJACAY,4.69426856994629
LA LIBERTAD,4.607622051239014
QUIVILLA,7.264937877655029
COLCABAMBA,11.318151664733886
OLLEROS,3.131465034484863
PAMPAS GRANDE,12.870445760091147
CARHUAPAMPA,8.416086196899414
PAUCAS,8.33289810180664
SANTA ROSA,13.890853881835938
CORONGO,6.726155700683594
HUACRACHUCO,8.894996974779211
ACO,5.64414529800415
SANTIAGO DE CHOCORVOS,6.7046142578125
OLLACHEA,2.2864133300781253
ANDAHUAYLILLAS,6.207439041137695
SAN CLEMENTE,16.4971923828125
HUANCARAMA,7.291008885701497
INDEPENDENCIA,15.650072860717774
ACORA,-1.0014164664528586
MAÑAZO,-0.516887774834266
VILQUE,0.9906247275216238
CHILCAYMARCA,1.3697909832000732
CALLALLI,-3.001007843017578
TAPAY,-1.4188004970550538
TARACO,0.9249037878853933
ACOCHACA,4.688320064544678
SIHUAS,7.5352678298950195
LLAPO,9.912283897399902
HUAYAN,10.709004020690918
CAHUAC,
AQUIA,2.4199725850423177
LA UNION,5.198206265767416
SUCCHA,6.846475505828858
OBAS,5.34021224975586
HUACLLAN,4.1063467502594
LA MERCED,3.172050170898437
CHUQUIS,5.556006526947021
PACHAS,4.613819217681884
PIRA,4.97512215508355
PUNCHAO,4.415505409240723
SAN PEDRO DE CHANA,5.7066552734375
PARIACOTO,8.256615753173827
INDEPENDENCIA,3.962505479292436
MIRAFLORES,5.011030578613282
ORCOPAMPA,-1.0135498461516008
SUYCKUTAMBO,-0.7843327613103959
CHACHAS,-1.4139397783977228
VISTA ALEGRE,14.020707943564966
TIRAPATA,0.20275589397975374
CUPI,-0.635761300722758
CAYLLOMA,-2.664481077802942
COJATA,-2.5731464131673176
PAMPAMARCA,0.3487444281578064
CHANGUILLO,14.767546844482421
ORURILLO,0.7688668764554538
MACARI,-0.9373472929000852
ASILLO,1.2666299673227164
CHINCHAO,11.563202148437501
CHAGLLA,12.872235910516034
IPARIA,21.693639936603482
CONSTITUCION,20.408746277459777
YUYAPICHIS,21.817342601102943
ILAVE,-0.21798374993460518
PILLUANA,21.442027282714843
BALSAS,14.49273348721591
TRES UNIDOS,19.613091806265025
PICSI,18.40363998413086
TUMAN,18.215262603759765
BUENOS AIRES,20.623015340169268
HUASMIN,7.174505145733173
OYOTUN,17.923569107055663
QUEROCOTO,9.49281940460205
CUTERVO,11.716248168945311
SAN MARTIN,17.335286797417535
PROVIDENCIA,16.349542236328126
COLCAMAR,9.977338790893555
COCHAMAL,11.122854919433594
UCO,9.655666732788086
JIRCAN,9.339234379359652
MANCOS,4.383353900909424
RANRAHIRCA,9.763069343566894
HUACCHIS,7.130972003936767
CHINGAS,8.582621955871582
YANACANCHA,3.3872605641682947
VILCABAMBA,4.309310054779052
HUANCAPON,11.075721104939777
GOYLLARISQUIZGA,5.785416793823242
SANTA ROSA,18.939645385742185
PISUQUIA,13.03597229003906
SHANAO,
MORROPE,18.524117702907983
PITIPO,18.373385281032988
TOCMOCHE,16.35095272064209
LA BANDA DE SHILCAYO,20.485396030970982
SAN JUAN DE LICUPIS,13.280866813659667
PAUCARBAMBA,4.087809801101685
CHINCHIHUASI,7.954257965087891
COLCABAMBA,9.126211208767362
HUANTAR,3.6592414855957025
YURUA,22.06506865530303
COCHABAMBA,7.7718382263183585
YAUTAN,15.362778218587241
JANGAS,5.403003819783529
CAJABAMBA,10.950046648297992
PADRE MARQUEZ,22.091358658030064
COLONIA,3.956089401245117
ACORIA,4.376878116005345
PACHAMARCA,7.767612893240792
SAN PEDRO DE PILAS,6.982742500305176
HUACHOCOLPA,-0.0470072789625688
LARES,3.026583671569824
SANTA ANA,-0.968606168573553
CHICLA,0.38985638618469237
LLUSCO,1.4331491296941583
SAN JUAN DE SALINAS,1.4233312249183654
PEDRO VILCA APAZA,-0.7240481058756509
OCORURO,-1.5298987822099164
INCHUPALLA,-0.005011398142034359
PUCARA,-0.5488627009921604
COLQUEMARCA,3.9434832436697826
SANTA ROSA,5.88228178024292
TUPAC AMARU,2.65207462310791
NUÑOA,-2.1493655957673727
CAPAYA,3.6218614101409914
VILCABAMBA,
MICAELA BASTIDAS,4.368426513671875
AJOYANI,-3.141027245154748
SAN PABLO,-1.1298251197451636
CHALLHUAHUACHO,1.8910208463668823
MOSOC LLACTA,4.242773723602295
POMACOCHA,4.6285558064778645
POMACOCHA,6.5331957817077635
NUEVO IMPERIAL,15.824123313210228
PACARAN,13.353842381068636
CAJA,6.664280796051026
CHUPAMARCA,-0.19592446413907139
LURIN,16.661132049560546
PAZOS,1.462882968357631
HUACRAPUQUIO,5.73481855392456
CHINCHA BAJA,17.21830622355143
CAPILLAS,9.085254342215402
CHINCHA ALTA,15.671439743041992
COASA,14.4451416015625
COCAS,3.4934794425964357
URUBAMBA,3.5133808135986326
CALCA,1.9284785842895509
GROCIO PRADO,15.883299691336495
SAN JUAN,7.53655776977539
MOLLEPAMPA,2.3857633209228517
LAMUD,10.846020253499349
QUEROCOTILLO,12.021106974283855
LLAMA,14.67901066371373
RUMISAPA,19.990486526489256
CORTEGANA,12.665052456325956
CHADIN,12.14573860168457
CHIGUIRIP,10.188112831115722
HUICUNGO,12.277325344382788
SANTA ROSA,20.602206802368165
LAMBAYEQUE,18.41847483317057
SHAPAJA,20.857266235351563
YUNGAR,4.3994215965271
YARUMAYO,5.9060369491577145
AMARILIS,13.443405914306641
PALCAZU,19.03000724546371
CHORAS,5.978404426574707
JACAS CHICO,5.355856132507324
HUANUCO,12.950104522705079
SANTA CRUZ DE COCACHACRA,13.936577987670898
SAN JERONIMO DE TUNAN,
CONGALLA,5.183929770333426
HUANCA-HUANCA,3.387708377838135
LUNAHUANA,14.79410956887638
HUAYLLAY GRANDE,5.016105270385742
HUANGASCAR,7.0671789169311525
CASTROVIRREYNA,0.5130130275603264
CERRO AZUL,16.713407897949217
ZUÑIGA,12.733622589111329
ANTA,4.134333229064941
ACOBAMBA,6.319353008270264
SANTA ANA,11.141947937011718
QUILMANA,15.772551269531252
LINCHA,1.949330393473307
ASCENSION,-0.7085527351924352
ACOLLA,3.291786613464356
ANCON,16.452300720214843
CALAPUJA,0.9214160442352295
PARURO,2.8293650436401365
AYAVI,7.784176635742187
ITUATA,4.8542571311773255
HUMAY,14.568235473632814
HUANOQUITE,5.044376784104567
ANDAHUAYLAS,4.85444815499442
SAN JERONIMO,4.431003284454346
URCOS,4.344729080200195
SANTA MARIA DE CHICMO,4.466515668233236
YAURISQUE,3.499595546722412
SANTIAGO DE ANCHUCAYA,0.4399439016977945
MANZANARES,3.8137691497802733
ANTIOQUIA,13.735245186941963
SAN AGUSTIN,
HUALHUAS,4.829756355285644
ORCOTUNA,4.292167091369629
NUEVE DE JULIO,
PATAMBUCO,1.1592212677001954
PATAYPAMPA,2.3603070068359377
POCOHUANCA,8.585884475708008
SANDIA,6.608851440429687
YANACA,5.622116661071777
SAN JUAN DEL ORO,14.884579467773438
TATE,
SANTIAGO,14.081045664911684
SAÑAYCA,3.100980793346058
PACHACONAS,4.076621341705322
SORAYA,7.093834018707275
PACHACUTEC,14.095719528198241
SAN PEDRO,4.225605058670044
LIVITACA,1.8280932006835937
HAQUIRA,2.09376880421358
PAMPACHIRI,3.8493135070800784
EL ORO,2.8873317718505858
TINTA,3.7906925837198893
PUEBLO NUEVO,14.334538841247559
PALCA,6.007262802124023
ATAVILLOS ALTO,3.5537308913010817
IBERIA,21.685925847833808
MEGANTONI,21.194608711048158
PALCAMAYO,3.1582427978515626
VITOC,10.16481252817007
MAZAMARI - PANGOA,16.039807996072405
LAMPIAN,9.528977330525716
HUACHO,16.79267807006836
IHUARI,10.619320106506347
CALETA DE CARQUIN,
HUALMAY,
SANTA BARBARA DE CARHUACAYAN,0.49523042332042344
SANTA MARIA,16.77205963134766
SANTA CRUZ DE ANDAMARCA,1.8539103507995605
SAN RAMON,12.246445344623769
VEINTISIETE DE NOVIEMBRE,3.82005261012486
TAMBOPATA,22.038113344719353
IGUAIN,9.50095157623291
HUAMANGUILLA,5.748434448242188
TAMBO,3.5504468050870024
KIMBIRI,14.006681396484376
PICHARI,15.070507158551896
HUACCANA,11.731035405939275
ORONCCOY,9.165253006784539
SIVIA,9.493501439587822
SANTILLANA,6.5328896416558155
LLOCHEGUA,13.388173361385572
ANCO,8.88515576171875
SAMUGARI,9.760971832275391
CHILCAS,8.155573145548505
SAN MIGUEL,5.861360371907553
ANCHIHUAY,8.871934204101562
CANAYRE,17.384518127441407
QUISQUI (KICHKI),6.35942873273577
HUANCABAMBA,9.571897536057692
POZUZO,13.878780573064631
PUERTO BERMUDEZ,19.061443851500986
PANAO,7.3193367143110795
UMARI,11.603274281819662
YAUYUCAN,10.754428482055664
ANDABAMBA,10.211351203918458
SAUCE,19.600174458821613
NINABAMBA,9.334976768493652
ALBERTO LEVEAU,21.19339790344238
LEIMEBAMBA,7.717239888509115
PULAN,9.549300842285158
SAUCEPAMPA,11.223650932312012
HUALGAYOC,6.555623299734933
LUCMA,15.427040405273436
SAYAPULLO,12.385013689313615
SARTIMBAMBA,12.961247370793268
CONDEBAMBA,13.303595624651228
CONDORMARCA,10.227420552571614
CAMPANILLA,18.518601831896554
SANTA CATALINA,13.834981427873885
SAN JERONIMO,14.266077423095703
JAMALCA,14.894945678710936
BELLAVISTA,19.91084615773168
SAN JOSE DEL ALTO,14.584935238486844
LA COIPA,15.917212746360084
PARATIA,-4.094574913611779
SAN JUAN DE TANTARANCHE,0.33765339652697246
CONCEPCION,5.092867183685303
HUAROCHIRI,1.4160636425018311
COSME,6.307807922363282
CONAYCA,2.26241250038147
SANTA CRUZ DE FLORES,16.491292190551757
IZCUCHACA,
NUEVO OCCORO,0.16284906715154648
HUAYACUNDO ARMA,4.5033345222473145
SANTIAGO,2.7405340671539307
KISHUARA,6.006525251600477
SANTO DOMINGO DE CAPILLAS,3.797715997695923
WANCHAQ,4.673000335693359
HUAYTARA,7.1906492966872
OCONGATE,-0.46074060960249474
YANACANCHA,-0.23381897163391113
TRES DE DICIEMBRE,4.763896942138672
HUANCAN,
SAN ISIDRO,
MAGDALENA DEL MAR,
SAN JUAN DE ISCOS,2.7373895168304445
SAN BORJA,
LINCE,
SANTIAGO DE SURCO,
SALCABAMBA,8.55557772318522
VITIS,0.007897146542867028
PUEBLO LIBRE,17.89165153503418
LA PUNTA,
JEPELACIO,17.321507850060094
HUAMBO,14.61212107340495
PACORA,18.385388565063476
LA JALCA,9.9487455368042
LIMABAMBA,12.210825602213543
SAN JUAN BAUTISTA,22.65921055056014
IQUITOS,22.780908203125
PAMPAS DE HOSPITAL,20.730944558848506
ZORRITOS,21.828075617009944
SAN JACINTO,20.901372006064967
LA PECA,18.80752601623535
MATAPALO,20.749748992919923
LA CRUZ,22.187770080566406
SAN FRANCISCO DE DAGUAS,12.265283966064453
SANTO DOMINGO DE LA CAPILLA,12.686823018391927
MARISCAL BENAVIDES,11.720507158551898
CHACHAPOYAS,12.403868357340496
LA RAMADA,12.941715812683105
LONYA CHICO,11.319758033752441
TABALOSOS,18.836895243326822
SANTA ROSA DE OCOPA,4.72629680633545
SANTA ROSA,
ATAURA,
CALLAHUANCA,9.555341148376465
YAUYOS,4.659889984130859
LLOCLLAPAMPA,2.4509831110636395
SAN JUAN DE RONTOY,5.4803835550944004
CAJAY,5.377568588256837
ACZO,6.44979944229126
MONZON,12.61026319420856
MAGDALENA,10.563195419311523
LONGUITA,7.940521240234375
SAN ANTONIO,20.122667694091795
CHIMBAN,15.704471740722656
MIRACOSTA,12.157164255777996
SAN LUIS DE LUCMA,11.66290715535482
SOCOTA,10.567040379842123
INGUILPATA,10.050986633300782
HUANCAS,13.069466018676758
PAPAPLAYA,22.148583984375
VISTA ALEGRE,12.253870307074653
PINTO RECODO,18.314065551757814
MOTUPE,18.544107200985863
SANTO TOMAS,14.084451729910715
CHILIQUIN,11.065167236328126
CHURUJA,13.23320484161377
RIOJA,18.322518412272135
CAÑARIS,9.946121826171876
PIMPINGOS,15.264358011881509
CALZADA,19.060864257812497
ELIAS SOPLIN VARGAS,15.833983939034596
CAYNARACHI,21.6233867298473
LONYA GRANDE,15.763797760009766
SAN CARLOS,13.472459157307943
ALTO TAPICHE,22.024071935705233
ASUNCION,10.232676315307618
OLLEROS,9.141724650065104
POSIC,19.094363911946616
YAMON,16.31453887939453
NIEVA,21.39370331033303
MANSERICHE,21.828922943376067
YAVARI,22.747570878864604
PARINARI,22.654230260295826
SAN FRANCISCO DEL YESO,8.929635838099887
MOYOBAMBA,18.1787283360273
BARRANCA,21.269467613345288
CUMBA,17.488833957248268
CRISTO NOS VALGA,19.69450798034668
RINCONADA LLICUAR,
HUARMACA,15.129267692565918
BERNAL,19.91868667602539
BELLAVISTA DE LA UNION,20.039675140380858
EL TALLAN,19.78803482055664
VICE,19.653351266043526
SAN MIGUEL DE EL FAIQUE,16.458132934570312
CURA MORI,19.73816179547991
SONDORILLO,10.954813130696614
SALITRAL,18.98906057257401
SONDOR,12.971363414417613
LA UNION,19.60600246853299
LA ARENA,19.812001546223957
TARICA,4.0378374735514315
PIMENTEL,18.47325668334961
SAN PABLO,21.10131454467773
VARGAS GUERRA,21.908287834398674
JOSE LEONARDO ORTIZ,18.553334426879882
COMANDANTE NOEL,17.38512191772461
PARIAHUANCA,
HUACHIS,7.390188598632813
RAHUAPAMPA,
ANTA,3.7999224185943605
SAN MIGUEL DE ACO,3.420258712768555
MASIN,6.169796943664551
PONTO,8.27193489074707
TANTAMAYO,6.1567737579345705
ACOPAMPA,8.231689739227296
SINGA,5.01907434463501
BUENA VISTA ALTA,16.563669967651368
HUACACHI,8.733086585998535
TINCO,
MARCARA,4.897734298706054
ATAQUERO,2.644543933868408
PINRA,7.922754923502604
HUACAYBAMBA,7.39890271355124
SANTA CRUZ,5.341692606608072
PISCOBAMBA,8.605636024475098
SAPOSOA,19.25206642150879
CHONTABAMBA,10.401496015276228
OXAPAMPA,12.693205954811791
VILLA RICA,16.287813895089286
HUACHON,5.039067443847657
TICLACAYAN,3.5857945981233015
COLPAS,4.410274887084961
RAIMONDI,21.357975124215482
CAYNA,5.553336770193917
HUACAR,8.077164786202568
CONCHAMARCA,11.85119120279948
MARGOS,5.130033220563616
SAN PEDRO DE CHAULAN,6.022492122650147
PILLCO MARCA,11.315824127197263
ANDOAS,22.647351807278067
ALTO NANAY,22.557396950183055
MAZAN,22.681232925134204
TROMPETEROS,22.42552504871103
TIGRE,22.499795072115383
NAPO,22.519667097929936
PUTUMAYO,22.77923931782472
TORRES CAUSANA,22.42221875
TENIENTE MANUEL CLAVERO,22.46636211688702
CHETO,11.770264434814454
LUYA VIEJO,12.18793182373047
CONILA,11.169551467895507
SATIPO,17.76394465519832
CHURCAMPA,5.106909942626953
LOCROJA,4.806358432769775
ANCO,6.710015392303466
SAN PEDRO DE CORIS,6.700249989827474
CARAMPOMA,1.113045038495745
SANTA ROSA DE QUIVES,14.217133742112381
COCHAS,4.299876880645752
ANDAMARCA,3.0919727325439452
MARISCAL CASTILLA,8.033209896087646
POMACANCHA,1.406050067477756
LACHAQUI,4.9913795471191404
SANTA ROSA DE SACCO,1.2664021253585815
CARABAYLLO,16.37685818142361
COCHAMARCA,5.665562099880643
PACHANGARA,5.504983690049913
NAVAN,6.084304237365723
HUAYLLAY,1.1322382983039407
TINYAHUARCO,2.2753374576568604
SEPAHUA,22.152578806322676
SAN LUIS DE SHUARO,15.630852254231772
LABERINTO,22.35570015285326
ULCUMAYO,6.086723836263021
CAUJUL,1.4123048305511476
CHAUPIMARCA,
ANDAJES,4.3623057556152345
PICHANAQUI,17.03701385498047
NINACACA,2.4427051544189453
PERENE,16.329515897310696
VEGUETA,16.74562168121338
SANTA LEONOR,3.3697845458984377
CHECRAS,7.3206502641950335
CARHUAMAYO,2.3478835296630858
VICCO,2.317374153137207
CHANCHAMAYO,12.92090301513672
LACABAMBA,6.355560779571533
TAURIJA,12.488099098205566
TAYABAMBA,6.976838684082031
SALAVERRY,17.348002485795455
OYON,2.2228412012900076
YANAHUANCA,2.568507080078125
SAN MIGUEL DE CAURI,3.4902999291053183
SUPE PUERTO,17.08686637878418
SUPE,16.72704366048177
BARRANCA,16.986178334554037
AMBAR,10.612466430664064
SAN PEDRO,14.638755459255643
COCHAS,15.77565198625837
PATIVILCA,17.074109322684155
COLQUIOC,13.797984008789063
PARAMONGA,16.868086125300483
HUARMEY,16.34083027742347
LAGUNAS,22.745656738281248
URARINAS,22.69943167892157
JEBEROS,22.57379150390625
CAHUAPANAS,21.84501393312102
BALSAPUERTO,20.994870733963815
RIO TAMBO,17.587297610960142
VILCABAMBA,7.775926795372596
SIMON BOLIVAR,1.7441666312839672
GORGOR,4.650890731811524
MANAS,11.467999267578126
PAUCARTAMBO,6.203031686636118
MACHE,7.204741668701172
JULCAN,6.87766842312283
LAREDO,17.227624511718748
SALPO,13.172970581054688
SITABAMBA,6.455046997070312
HUAYO,13.363908640543618
ACOBAMBA,10.583114929199219
PALLASCA,10.938228607177733
YUPAN,10.287561416625977
SICSIBAMBA,8.946106465657554
HONORIA,22.060074462890626
CASHAPAMPA,5.144793701171875
HUANCASPATA,7.949922561645508
MASISEA,22.10384209329522
CHAO,16.534568469929248
QUICHES,10.648851470947264
CHINGALPO,4.839855357578823
NUEVO PROGRESO,19.259591440054088
BOLOGNESI,13.352994346618653
HUACASCHUQUE,
HUANDOVAL,7.573151524861655
URPAY,11.168660227457682
SHUNTE,9.787343401227679
SANTA CRUZ DE CHUCA,9.492644958496093
TAURIA,8.186246185302734
JAQUI,13.325636800130209
SAYLA,9.081010437011718
AMANTANI,5.009556865692138
SINCOS,1.6912527720133461
EL TAMBO,1.4906909942626954
SAN BARTOLOME,11.605190467834472
MATAHUASI,5.1839906692504885
SAN FRANCISCO DE ASIS DE YARUSYACAN,3.877751922607422
LLATA,4.788482411702474
QUECHUALLA,6.3727814483642575
TORO,8.408771649528953
MOHO,0.6900002903408474
CAMINACA,0.7231775601704915
SALAMANCA,0.14966856479644777
PALCA,-2.4308231353759764
SAMAN,1.6244964440663654
COTAHUASI,6.067203598022461
SIBAYO,-2.411034358631481
LAMPA,-0.45441580648007596
NICASIO,0.39540274143218995
HUAYRAPATA,-1.1264725171602687
ACHAYA,0.7349988317489624
LOMAS,14.716194152832031
TOMEPAMPA,6.192161432902018
CHOCO,0.5075223207473755
CHARCANA,3.330843671162923
ROSASPATA,0.24456151485443112
CONDOROMA,-4.1229465060763895
VILAVILA,-2.5291197586059573
ALCA,4.1293363298688615
HUANCANE,0.6140855642465445
VILQUE CHICO,0.11125792335061468
CHUPA,1.31334753036499
OCUVIRI,-2.8128282674153646
YANTALO,19.059085845947266
PUCARA,15.078110758463541
SALAS,16.04976511309224
YAQUERANA,22.43743588772507
REQUENA,22.601821810527913
SAQUENA,22.622850440014368
SAN MATEO DE OTAO,7.177248287200928
SANTA EULALIA,10.201205825805664
JAUJA,
SAN NICOLAS,8.51312115987142
LLAMA,9.064910888671875
HUAYLLAN,7.107082080841065
ELEAZAR GUZMAN BARRON,7.8833259582519535
CACERES DEL PERU,9.371716629831415
HUAYLAS,5.399150753021241
MUSGA,6.958257865905762
CHAVINILLO,5.436494445800781
SANTA MARIA DEL VALLE,7.548473930358886
TAHUANIA,21.855083847045897
CHURUBAMBA,8.118192036946615
MARIAS,6.23177490234375
YACUS,5.209073448181153
TONGOD,7.702978820800782
PAMPAS CHICO,4.717069435119629
PARARIN,10.772613067626953
JIVIA,5.287379169464112
HUASTA,3.898300229586088
MARCA,5.9512429046630855
SAN CRISTOBAL,12.279790306091309
GRANADA,7.890342458089192
QUINJALCA,9.051491928100585
VALERA,13.278510030110677
SANTA CRUZ,15.622432708740234
CALLAYUC,14.628732022372159
SAN ROQUE DE CUMBAZA,18.710332380022322
COROSHA,13.23441390991211
EL MILAGRO,20.195894241333008
MAQUIA,22.28498962402344
CHONTALI,11.05021231515067
SALLIQUE,12.423055326021634
BAGUA,21.03336130777995
COCHABAMBA,12.704689534505208
MARIA,7.929426670074463
SAN JUAN DE LOPECANCHA,9.933101399739583
TARAPOTO,21.117980448404946
CACATACHI,21.440430450439454
MARCONA,14.154537501479641
SANTIAGO DE PUPUJA,0.21710509777069092
TISCO,-2.369338714599609
JOSE DOMINGO CHOQUEHUANCA,0.27164852917194365
HUATASANI,0.36169645339250567
ARAPA,0.6623151432384144
PALPA,14.96586799621582
ANANEA,-2.881736135482788
MUÑANI,-1.0239094345657913
PUTINA,-1.4961920121136836
LAYO,0.09978064809526714
SINA,1.9579692616182214
QUEHUE,1.776121883392334
SANTA CRUZ,13.241793145073785
MARANGANI,-0.4038900543661679
QUIACA,2.459859085083008
OCUCAJE,13.792665911735373
POTONI,-2.0035357599673063
HUAQUIRCA,1.9683201381138393
QUIÑOTA,2.722049856185913
SABAINO,4.921236801147461
VIRUNDO,1.2054972489674887
SANTA ROSA,-1.4511737976074217
CUYOCUYO,-1.0785595999823676
KUNTURKANKI,-0.005039237095759463
CHECCA,0.7744679675382725
VELILLE,1.4245497385660806
SAN ANTON,-0.8348754434024587
JUAN ESPINOZA MEDRANO,1.3148778742009941
SANTO TOMAS,0.4621506078919368
COTARUSE,1.8090130246918776
ANTABAMBA,1.2631606292724609
CARAYBAMBA,3.741075849533081
LANGUI,0.8026528040568035
PARCONA,14.784091758728028
ICA,14.073062232232862
LOS AQUIJES,14.443150901794434
TIBILLO,9.757359036532316
COMBAPATA,1.8737531661987306
OMACHA,2.0155658213297523
IHUAYLLO,8.194410451253257
JUSTO APU SAHUARAURA,6.320557149251302
TAPAIRIHUA,6.985772800445557
SANTIAGO DE QUIRAHUARA,5.99797960917155
CURASCO,5.399862957000733
USICAYOS,-0.14638292893119478
SUBTANJALLA,14.393144226074218
PROGRESO,2.8959787580702043
ACOPIA,5.590044212341309
LA TINGUIÑA,14.033988189697265
CHUQUIBAMBILLA,2.2411691029866536
OCOYO,7.668362935384115
LLALLI,-0.8539477666219074
EL INGENIO,14.68097405684622
SAN JOSE,-0.4184215875772329
COPORAQUE,-0.1052376937866211
LLIPATA,15.492965698242188
YANAHUAYA,11.605918329412287
OROPESA,0.5583994449713291
RIO GRANDE,13.740046275745737
CHALHUANCA,5.8923503875732415
CRUCERO,-2.4626775614420575
YANAOCA,1.5807713402642143
MAMARA,4.682540225982666
ANTAUTA,-2.140442117055257
SICUANI,-0.5436193180084228
TURPAY,3.511489248275757
CHAMACA,2.1769418080647784
SAN ANTONIO,6.422308826446534
PAMPAMARCA,3.789056587219238
POMACANCHI,3.349206126819957
CORDOVA,5.2440537770589195
CAPACMARCA,5.5093889236450195
TORAYA,2.9943180084228516
SAN JUAN BAUTISTA,
PHARA,8.237845420837402
HUAYANA,5.664589595794678
SAN ISIDRO,6.310102589925131
SAN MIGUEL DE CHACCRAMPA,6.881302165985107
CHAPIMARCA,7.746845054626465
YAUCA DEL ROSARIO,12.255379416725852
QUERCO,3.4009074998938518
GAMARRA,2.8484467593106357
SAN ANTONIO DE CACHI,7.877094904581706
CORANI,-2.956277419581558
PITUMARCA,-2.8023908403184676
TURPO,5.306118202209473
SAN ANDRES,15.774834526909723
TAMBOBAMBA,3.3435236612955728
QUIQUIJANA,2.0984705607096354
RONDOCAN,4.230379676818847
HUANCARAY,5.584645557403564
PACCARITAMBO,6.512160644531249
TUPAC AMARU INCA,16.16509246826172
LAMBRAMA,5.294666330437911
PISCO,
SANGARARA,2.851886749267578
COLCABAMBA,4.107009410858154
PILLPINTO,4.208678754170736
MACUSANI,-2.6082854240171374
ACCHA,4.370898001534599
MARA,4.417265930175781
HUAYLLATI,6.785763092041016
CHACOCHE,4.500110181172689
CURPAHUASI,1.058016872406006
ACOS,5.679004669189453
CHECACUPE,-2.3965736915325295
TUMAY HUARACA,3.1430623372395834
ALTO INAMBARI,13.512079653532606
CHIARA,4.83507423400879
ACOMAYO,2.337841447194417
SAN JUAN DE CHACÑA,3.8109304904937744
LUCRE,4.077457332611084
LARAMARCA,3.971065584818523
SALAS,14.910959879557293
COLCHA,6.773986180623373
CUSIPATA,1.7930740356445312
TINTAY,5.020908813476562
CIRCA,4.956464691162109
COYLLURQUI,3.9874473026820594
CCAPI,6.610398610432943
PARACAS,15.365874023437499
SAN FRANCISCO DE SANGAYAICO,6.953306833902995
SAN JOSE DE LOS MOLINOS,13.099231719970703
HUARO,3.111292505264282
PICHIRHUA,5.043993142934946
COTABAMBAS,6.4226606889204545
PLATERIA,1.2564225435256957
LUCRE,2.813852882385254
COCHARCAS,8.605152702331543
ABANCAY,9.077646043565538
TAMBURCO,1.6790102481842042
PACUCHA,6.622047042846679
CCORCA,1.9394060897827146
YAULI,2.619847564697266
ROSARIO,5.554181671142578
HONGOS,1.8850859642028808
ASIA,16.443772277832032
CATAHUASI,10.172279612223306
CACRA,4.562686443328857
OCOBAMBA,9.131944861778845
PUTINZA,7.99868803024292
PAUCARA,2.063150978088379
PALCA,2.173145643870036
INAMBARI,22.309822689194277
ANDABAMBA,6.246354389190674
ACOBAMBILLA,-0.4708153088887532
MALA,16.626302337646486
TUPE,1.800682809617784
SAN ANTONIO,16.65720863342285
JESUS MARIA,
CCOCHACCASA,1.3385889212290447
MADEAN,2.5450897761753626
MARANURA,13.990851338704426
AURAHUA,0.11391536455888014
CALLANMARCA,6.413673400878906
VIÑAC,5.871959075927734
CHOCOS,11.4635500226702
SAN MIGUEL DE ACOS,12.305336189270019
HUARAL,16.048767671130953
MARCAPOMACOCHA,-0.3339530320003115
SAN SEBASTIAN,4.5882102966308596
OROPESA,3.6023312886555994
TAURIPAMPA,9.405378633386949
MANTA,1.8444424057006834
LARIA,1.1446881771087647
YANATILE,9.58622490377987
HUANDO,2.769049072265625
CHAMBARA,3.0215815544128417
SAÑO,
SANTIAGO DE TUNA,11.14743766784668
SAN ANDRES DE TUPICOCHA,6.478473663330078
ACO,3.143438720703125
SAN LORENZO DE QUINTI,2.6146546936035158
ALLAUCA,4.481019951315487
PUCUSANA,
SANTA MARIA DEL MAR,16.896096801757814
VILCA,0.8030078967412313
CUENCA,3.0340028762817384
SAYLLA,
RANRACANCHA,4.574961217244466
TALAVERA,7.429922332763671
CHUPURO,2.3166933059692383
CHORRILLOS,18.180150985717773
VIQUES,
SANGALLAYA,3.3190710067749025
BARRANCO,
SANTO DOMINGO DE LOS OLLEROS,13.509621344672308
VILLA MARIA DEL TRIUNFO,17.153749847412108
SAN JUAN DE MIRAFLORES,17.97222137451172
HUAYUCACHI,5.626319408416748
CHONGOS BAJO,0.01464127004146576
LANGA,7.472725486755371
MIRAFLORES,-0.4754003604253133
MIRAFLORES,18.213576126098634
CUENCA,8.606893157958984
HUARIBAMBA,4.820781108311245
SURQUILLO,
SAN JERONIMO,3.9737063725789383
CCARHUAYO,0.860742712020874
SAN DAMIAN,3.719722239176432
LEONOR ORDOÑEZ,3.579465627670288
PACCHA,1.5120587825775147
QUILCAS,1.5425381024678548
PARIAHUANCA,3.723397064208984
MUQUI,
MANU,19.367765410958903
HEROINAS TOLEDO,1.4801789045333862
QUICHUAY,
MUQUIYAUYO,4.78450231552124
HUARIPAMPA,
INGENIO,2.0828744173049927
SAN LORENZO,
EL MANTARO,4.894631290435791
SURCO,8.046616363525391
SAUSA,
PARCO,3.7720324993133545
LEONCIO PRADO,4.457778591579862
RIO NEGRO,19.06723704618566
SAN PEDRO DE CAJAS,3.199647881002987
JUNIN,1.2363683146815145
ONDORES,1.7799376593695744
HUASAHUASI,5.136721992492676
SAYAN,15.498028428819444
SAN MIGUEL DE MAYOCC,7.993187713623047
LA MERCED,10.51087532043457
EL CARMEN,6.543931007385254
CURAHUASI,6.526883131457913
POROY,3.66644549369812
ANCO_HUALLO,5.157314205169678
CUSCO,3.165942764282227
TAMBO,1.4868111848831176
CAICAY,5.194249439239502
HUANCARANI,3.5846475982666015
CCATCA,2.6385029532692648
QUITO-ARMA,7.699930148654514
CHINCHEROS,8.7601744333903
KAQUIABAMBA,10.454245910644532
HUAMATAMBO,3.5463086128234864
SECCLLA,2.527644983927409
SAN LUIS,16.67417793273926
ARMA,3.7171598954634235
SANTA TERESA,4.5789464438833845
SAN PEDRO DE PUTINA PUNCO,20.192208002417125
CHAVIN,9.485991014753068
IMPERIAL,16.67138214111328
SAN PEDRO DE HUACARPANA,1.7702914237976075
AZANGARO,5.108838208516438
HUAYOPATA,9.636673990885418
PAMPAS,3.135152578353882
COCHAS,9.264068603515625
CHICCHE,-0.06675752997398376
AYAVIRI,1.7425175189971924
QUINOCAY,10.907439117431641
QUINCHES,4.21285343170166
COLCA,3.1731894969940186
ALIS,0.7759852886199952
HUAÑEC,0.6156075716018676
PUNTA NEGRA,16.258803100585936
QUISHUAR,10.778687858581543
MARIATANA,6.490440041678292
SAN JOAQUIN,2.2624159812927247
CULLHUAS,3.297763729095459
MADRE DE DIOS,21.65429987980769
LA PERLA,
SAN LUIS,17.897420501708986
SAN MIGUEL,18.07281913757324
CHINCHAYPUJIO,5.256145935058594
PUCYURA,4.670231819152832
ANDARAPA,11.537137603759765
CACHIMAYO,4.439802455902099
SAN SALVADOR,5.233785565694173
LIMBANI,14.827010091145834
ONGOY,6.6004598999023445
MOLLEPATA,5.616062164306641
LIMATAMBO,4.560976813821232
PISAC,4.452586619059245
TICRAPO,8.32470308939616
HUAROCONDO,0.9177340098789759
MARAS,5.559547958374024
LAMAY,3.3020167668660485
HUAYLLABAMBA,4.5600178400675455
ALTO LARAN,15.28786849975586
COLQUEPATA,3.5357031141008655
YUCAY,
VILLA EL SALVADOR,17.79114685058594
PUNTA HERMOSA,16.501194763183594
MARCAPATA,1.2018254779634021
SAN PEDRO DE PALCO,3.722652121151195
SAN PEDRO DE LARCAY,3.8074247880415486
HUACAÑA,5.003026275634765
PAICO,5.37165470123291
CARAPO,5.173672921316964
CARHUANCA,4.879879951477051
SANTIAGO DE LUCANAMARCA,1.697191827947443
HUAMBALPA,5.223192151387533
CANARIA,3.5405364296653055
SAN SALVADOR DE QUIJE,4.211816533406575
QUEROBAMBA,7.117060852050781
CHILCAYOC,6.289273452758789
INDEPENDENCIA,8.307659339904784
CHALCOS,8.571016693115235
SACSAMARCA,3.4961029052734376
HUALLA,4.691541213989258
SANCOS,2.321792934251868
SAN PEDRO DE CACHORA,9.602717081705729
TARAY,4.451097393035889
ZURITE,2.4064534505208335
TAMBO DE MORA,
PACOBAMBA,10.29022491455078
SUNAMPE,17.107424926757812
EL CARMEN,14.867582031249999
ANTA,3.3433841323852542
ANCAHUASI,2.5530724048614504
HUANIPACA,9.6061033982497
OCOBAMBA,6.771981557210286
SAN ANTONIO DE CUSICANCHA,2.5089102063860214
CHINCHERO,4.226761436462402
SAN GABAN,14.877300229279893
COYA,4.810986328125
HUANCANO,11.023757171630859
PUCARA,3.5500068187713625
ANCHONGA,3.075780359903971
HUEPETUHE,20.866593903186274
PUEBLO NUEVO,15.681748199462891
HUACHOS,4.657079887390137
AYAPATA,13.904031930842871
PAUCARTAMBO,6.2101732042100695
OLLANTAYTAMBO,2.7309685958059204
MACHUPICCHU,6.127320744441105
SAN JUAN DE YANAC,8.319203287760418
CAMANTI,13.233705832741474
SAN VICENTE DE CAÑETE,16.234796142578126
TANTARA,4.470142936706543
CHALLABAMBA,4.099340947469075
RICARDO PALMA,15.151939201354981
HUANCAYO,1.6732350985209148
MITO,4.734911727905273
HUANCAVELICA,1.0399711508499947
KOSÑIPATA,12.741600230823863
MARISCAL CACERES,
COAYLLO,15.359365844726563
MOYA,3.7110027949015296
PILCHACA,5.094178962707519
OMAS,9.897518920898438
HUANTAN,0.15242886145909626
HUAYLLAHUARA,
SAN BARTOLO,16.558201217651366
YAUYOS,2.172646366466176
ACOSTAMBO,2.921397132873535
ACRAQUIA,1.5633903741836548
CARHUACALLANGA,3.6500268936157227
QUELLOUNO,15.054972885594225
CALANGO,14.966572401258679
HUASICANCHA,1.4327763319015503
CHACAPAMPA,1.7671992111206056
HUAMPARA,9.09364070892334
CHONGOS ALTO,-0.813909796009893
AHUAYCHA,1.573809313774109
LARAOS,0.500805924488948
CARANIA,1.2960477828979493
DANIEL HERNANDEZ,5.852496910095215
ÑAHUIMPUQUIO,3.0192150115966796
CHILCA,16.43667106628418
LAHUAYTAMBO,7.066524600982666
PACHACAMAC,16.61700096130371
HUAMANCACA CHICO,4.9243494987487795
LA VICTORIA,
LA MOLINA,17.140139389038087
BELLAVISTA,
BREÑA,
CHILCA,
SAPALLANGA,3.1326897621154783
CHUPACA,
SAN PEDRO DE HUANCAYRE,2.998291349411011
SALCAHUASI,10.124142761230468
SAN JUAN DE JARPA,2.375876744588216
AHUAC,3.599978971481323
TOMAS,0.026910722255706787
SURCUBAMBA,11.625639125279019
SANTA ANITA,
PILCOMAYO,4.465655899047851
HUACHAC,
CIENEGUILLA,15.96045379638672
SAN MARCOS DE ROCCHAC,2.8174435806274416
SAN JOSE DE QUERO,1.489760112762451
HUACHOCOLPA,12.225031365288626
HUANCAYA,0.11796951823764376
TANTA,-0.21374918547543614
SICAYA,4.329791402816772
JENARO HERRERA,22.62498779296875
SUITUCANCHA,-0.5526128019605364
MASMA,4.106057167053223
HUAMALI,
CANCHAYLLO,0.2560744512826204
HUERTAS,4.908393096923828
JANJAILLO,2.3319217205047607
MASMA CHICCHE,2.4029621124267577
JULCAN,
SAN PEDRO DE CASTA,5.6769371032714835
MARCO,3.982133960723877
PANCAN,
CURICACA,2.465272458394369
MATUCANA,5.812997945149739
HUANZA,0.5621933555603027
LA OROYA,2.4546287536621096
SAN PEDRO DE LARAOS,2.366737174987793
RICRAN,2.40527475530451
HUARICOLCA,3.24751942952474
MOLINOS,3.420811184969815
APATA,2.5923354557582305
COMAS,2.8922821044921876
HUAMANTANGA,11.950503200954861
CANTA,3.647734498977661
MOROCOCHA,-0.3878842380311754
CHANCAY,16.654378128051757
LAS PIEDRAS,22.002198201029692
TARMA,3.0994935512542723
AUCALLAMA,16.31791737874349
TAPO,4.85568904876709
LLAYLLA,13.215156971324571
SAN BUENAVENTURA,3.371621513366699
PACCHA,1.3323131561279298
TAHUAMANU,21.737632472826085
LA UNION,2.1969256162643434
SUMBILCA,12.004049110412598
FITZCARRALD,21.78259993767806
HUAROS,0.848361587524414
ACOBAMBA,6.181783294677734
ATAVILLOS BAJO,7.859201685587566
PAMPA HERMOSA,8.60047576904297
COVIRIALI,18.391158548990884
MONOBAMBA,8.369266534620717
PACARAOS,1.428729714287652
CARMEN DE LA LEGUA REYNOSO,
LIMA,
EL AGUSTINO,16.691058349609374
RIMAC,
ATE,15.643419392903647
CHACLACAYO,15.441456604003907
INDEPENDENCIA,17.782903289794923
CALLAO,17.821563720703125
SAN MARTIN DE PORRES,17.779328536987304
LOS OLIVOS,
COMAS,17.118177032470705
LURIGANCHO,15.445828029087613
SAN JUAN DE LURIGANCHO,16.565504150390627
VENTANILLA,17.0619873046875
PUENTE PIEDRA,16.896250915527343
PACCHO,9.997750091552735
MARCAS,8.937637329101562
SANTO DOMINGO DE ACOBAMBA,7.015135288238525
SAN PEDRO DE CHUNAN,
SAN MATEO,2.468939177195231
SAN JUAN DE IRIS,2.578249092102051
SAN ANTONIO,12.649149237738715
TUNAN MARCA,3.1161516666412354
CHACAPALPA,1.6132523536682128
HUAY-HUAY,0.1359465936819712
PACA,4.6897584915161135
HUACHUPAMPA,5.4231620788574215
YAULI,3.529717191060384
ARAHUAY,10.303270568847656
YAULI,0.0006474447250366166
HUASO,9.19875467936198
UCHIZA,18.96500643216647
VIRU,17.011249421772202
MOCHE,18.093939208984374
SHAMBOYACU,19.958473423549112
LAGUNAS,18.060102539062502
QUILLO,9.37371035489169
ANRA,7.590222930908203
CASCAPARA,4.182856423514229
CASMA,16.950357278963416
MATACOTO,8.360917568206787
SHILLA,2.9378631591796873
PUEBLO LIBRE,6.205427551269532
YAUYA,7.978857803344726
LLUMPA,4.802346992492676
MATO,6.844044240315756
LUCMA,6.339906787872314
YANAMA,3.773190477159288
HUAYLLAPAMPA,4.541093063354492
SAN PABLO,9.422242355346679
TINGO DE SAPOSOA,21.703085327148436
SAN GREGORIO,16.830302290482955
BAJO BIAVO,20.765426296657985
LOS BAÑOS DEL INCA,6.817465633816188
UNION AGUA BLANCA,13.837556152343751
EL PRADO,9.064081382751464
LONGOTEA,15.78335927327474
PACANGA,18.05797536749589
SAN RAFAEL,22.34059829711914
OXAMARCA,9.699755859375
MARCABAL,8.853709920247395
CHILETE,16.361942036946616
ALTO BIAVO,18.943921511856153
JESUS,8.059989374334162
TANTARICA,15.182959747314452
YONAN,18.06189541286892
MAGDALENA,11.732634735107421
LLACANORA,8.077594661712647
GREGORIO PITA,6.676352037702289
CHEPEN,18.13966003417969
PAJARILLO,21.434095982142857
NAMORA,6.727622985839844
SAN BERNARDINO,12.751004028320313
UCUNCHA,13.242505900065103
SAN LUIS,16.744342422485353
HUALLAGA,21.4422216796875
PACASMAYO,18.03322105407715
COSPAN,10.1214893541838
ICHOCAN,11.932884025573731
SITACOCHA,12.975989447699652
JEQUETEPEQUE,18.18120002746582
SAN JOSE,18.065997619628906
GUZMANGO,9.133819770812988
JOSE MANUEL QUIROZ,8.759338188171387
SANTA CRUZ DE TOLED,11.016635131835937
ASUNCION,12.426243591308594
CALLERIA,21.940507710509138
PEDRO GALVEZ,9.459744940863716
MATARA,8.978918266296386
SAN JUAN,10.783151626586914
GUADALUPE,18.189569854736327
CONTUMAZA,11.076990356445313
CHACAS,3.8361951192220047
BULDIBUYO,5.481721210479736
ANGASMARCA,7.5651383972167965
YARINACOCHA,22.1517339070638
CHILLIA,9.972602982954545
PAMPAS,6.06679401397705
MOLLEBAMBA,7.331092834472656
LA ESPERANZA,18.118466949462892
TOCACHE,18.621551513671875
CALAMARCA,7.120013936360678
EL PORVENIR,17.688251495361328
ONGON,9.133317603134529
HUAYLILLAS,8.477996635437012
VICTOR LARCO HERRERA,18.082270431518555
CONCHUCOS,5.084747852998621
SANTIAGO DE CHUCO,7.29823992047991
TRUJILLO,18.589252090454103
MOLLEPATA,6.425781758626303
FLORENCIA DE MORA,
CHANCAY,11.381151962280274
CACHACHI,9.005235120985244
RIPAN,4.899155616760254
SILLAPATA,5.944148445129395
AIJA,3.8051033496856688
SHUNQUI,5.236334991455078
HUALLANCA,3.4184334648980035
CORIS,9.60157708062066
PAMPAMARCA,6.086406517028808
CULEBRAS,16.914096214657736
CATAC,2.9429356602260044
JOSE GALVEZ,8.834859466552734
CAJAMARCA,5.7251131693522135
ETEN,18.33452911376953
PICOTA,21.852636282784598
NANCHOC,17.67919381948618
BELLAVISTA,21.463930935329863
SOROCHUCO,6.380321611676897
CHUQUIBAMBA,11.24072025844029
CARHUAZ,5.845083618164063
AMASHCA,8.915531158447266
SHUPLUY,4.4221890258789065
SAMANCO,17.49683532714844
RAPAYAN,5.7117454528808596
HUARI,4.244283955891928
CHAVIN DE HUANTAR,3.237455224990845
JACAS GRANDE,5.082297229766846
SAN MARCOS,5.073677143297698
HUARAZ,4.054818197397085
PUÑOS,4.96400089263916
PURUS,21.863619044569674
BAMBAMARCA,14.521129608154297
EDUARDO VILLANUEVA,11.089790153503419
LLACLLIN,10.139674377441406
JESUS,2.977172037760417
TOMAY KICHWA,11.739545249938965
BAÑOS,3.2103553136189773
UCHUMARCA,8.579177529471261
PISCOYACU,20.39744175502232
BOLIVAR,15.786837196350097
INAHUAYA,21.958749229029607
SAN CRISTOBAL,
SAN MIGUEL,11.873103841145834
SUCRE,6.978397115071614
CAJATAMBO,5.48512077331543
ABELARDO PARDO LEZAMETA,8.629492568969727
PAUCAR,5.9004847526550295
COPA,3.6274192047119143
CONGAS,6.6474744160970065
MANGAS,8.76020851135254
OCROS,5.3030804225376675
LA PRIMAVERA,9.69145908355713
CAJAMARQUILLA,1.5310668706893922
SAN MIGUEL DE CORPANQUI,3.23931770324707
SAN FRANCISCO,8.022095794677735
SAN RAFAEL,6.908197733561197
HUAYLLACAYAN,6.071952438354492
PACLLON,5.054850551060268
TICLLOS,2.663016939163208
ALFONSO UGARTE,9.735097757975261
CHOLON,10.977901314400338
HUAYLLABAMBA,6.662219793146306
MANANTAY,22.176074773615056
CUSCA,4.972710255214146
TAUCA,10.7603120803833
SANTIAGO DE CHALLAS,11.194071769714355
CABANA,6.766590627034505
RAGASH,4.344220679146903
ACAS,10.624895804268974
HUARIACA,6.649372863769531
SANTIAGO DE CHILCAS,5.685571543375651
SAN PEDRO DE PILLAO,3.1442715644836428
PALLANCHACRA,4.991077327728272
TAPUC,5.775714969635009
SAN CRISTOBAL DE RAJAN,3.4559202829996742
LLIPA,4.80522928237915
SANTA ANA DE TUSI,4.564685211181641
CHACAYAN,5.568477630615234
CANIS,2.9575571537017824
TAPACOCHA,5.99976921081543
COCHAPETI,12.445037078857421
IÑAPARI,21.7920285348935
MOLINO,7.526921939849854
CHACABAMBA,
RONDOS,4.5189970833914614
COTAPARACO,3.466362609863281
MALVAS,7.241677602132162
CHAVIN DE PARIARCA,8.078423945109048
SANTO TORIBIO,3.6027088165283203
CASCA,6.551767444610595
CANCHABAMBA,8.315601784842354
SAN BUENAVENTURA,11.110547065734863
FIDEL OLIVAS ESCUDERO,8.251107788085937
HUALLANCA,10.176681082589287
POMABAMBA,4.804985105074368
GUADALUPITO,17.621246337890625
YURACMARCA,5.337845066615513
CHIMBOTE,17.128509012858075
MACATE,12.330017671130953
QUINUABAMBA,8.517895889282226
LA PAMPA,11.96851806640625
YANAC,11.153450775146485
SAN JUAN,6.695055313110352
CARABAMBA,7.896726771763393
POROTO,16.930581919352214
CACHICADAN,6.014497629801432
QUIRUVILCA,4.931998443603516
PARCOY,10.368103408813477
PARANDAY,9.015844917297363
AGALLPAMPA,7.623529968261718
LA CUESTA,9.483823204040528
SARIN,6.3184512051669035
CURGOS,7.358049488067627
PIAS,9.59368896484375
CHARAT,12.43249028523763
OTUZCO,10.114243316650391
HUAMACHUCO,7.895272282191685
COCHORCO,10.287056986490885
POLVORA,16.61372638859161
USQUIL,9.991056925455728
SANAGORAN,8.479363250732423
CHUGAY,8.771688588460286
HUARANCHAL,10.92120590209961
PATAZ,12.676901027134488
TINGO DE PONASA,21.398497517903643
SAN SILVESTRE DE COCHAN,6.17209602355957
CASPISAPA,21.680229949951173
NUEVA ARICA,18.581226501464844
SAN HILARION,21.9175786336263
NIEPOS,13.096518452962238
TUMBADEN,6.270500292096819
SANTA ROSA,
CALQUIS,8.238837687174478
CAYALTI,18.101222229003906
UTCO,11.747963523864746
LA FLORIDA,17.377007039388022
MONSEFU,18.311869430541993
REQUE,18.521568298339844
LLAPA,5.823290157318115
ENCAÑADA,5.851354356245561
PAMPA HERMOSA,20.55030864197531
LA VICTORIA,18.46578483581543
SAÑA,18.32224464416504
PUCACACA,21.51766179402669
PUCALA,18.054211044311522
CHICLAYO,18.730802917480467
CATILLUC,6.504154423304968
POMALCA,18.489373779296876
SAN JOSE,18.204522705078126
SAN FRANCISCO DE ASIS,6.184813690185548
SAN FRANCISCO DE CAYRAN,9.141449584960936
SAN NICOLAS,13.165055847167968
ANGUIA,12.166182200113933
LONGAR,11.575246429443359
LEVANTO,10.645916366577149
CHOROPAMPA,14.01302261352539
CUÑUMBUQUI,20.229732360839847
CHONGOYAPE,18.741492970784503
PACCHA,10.154075749715169
CHUMUCH,11.675369044712614
CHIRIMOTO,13.999967651367186
LAJAS,10.897374267578124
TUCUME,18.246445846557616
TOTORA,14.071410369873046
SHATOJA,21.143198013305664
AGUA BLANCA,20.724890747070315
PATAPO,18.205797119140627
CHUGUR,8.515177345275879
LA LIBERTAD DE PALLAN,9.093040657043456
CATACHE,13.154971652560764
LUYA,10.318097813924155
EL PORVENIR,22.07315511067708
YORONGOS,18.121117401123048
BARRANQUITA,21.72090623643663
PION,16.69408447265625
CAMPORREDONDO,15.542598978678384
INCAHUASI,10.41490478515625
CUJILLO,17.64592742919922
MILPUC,14.788587760925292
CHAZUTA,20.66342032296317
CHOTA,9.68843036998402
FLORIDA,12.77431640625
TENIENTE CESAR LOPEZ ROJAS,22.265382021949403
POMAHUACA,13.025508989606584
COLASAY,14.706906467013889
SAN FELIPE,13.565420150756836
AWAJUN,15.827651977539062
BAGUA GRANDE,17.538899297299594
JAEN,15.182750883556547
YURIMAGUAS,22.392282061509682
EL PARCO,
LAS PIRIAS,16.781520080566406
TAPICHE,22.455921294723733
SOPLIN,22.294236328125002
COPALLIN,18.440106506347657
HUABAL,15.577989196777343
HABANA,18.96508331298828
ALONSO DE ALVARADO,17.552923244900175
SAN ANDRES DE CUTERVO,11.206646982828776
TRITA,
JAYANCA,18.341398366292317
OCALLI,12.943076896667481
MOLINOPAMPA,10.087217407226563
CHOCHOPE,17.725401306152342
SONCHE,12.610950469970703
SORITOR,16.87517571700247
SAN JUAN DE CUTERVO,16.82311019897461
EMILIO SAN MARTIN,22.40491191535596
SANTA CRUZ,22.40726671720806
PARDO MIGUEL,14.269008050962938
ARAMANGO,18.31182790902945
CAPELO,22.591396484374997
YAMBRASBAMBA,15.744977936921297
PUINAHUA,22.504513624237802
TACABAMBA,10.565134974888393
HUAMBOS,11.902556355794271
HUIMBAYOC,21.10846857244318
ALTO SAPOSOA,16.90755805121528
TINGO,10.364289665222168
OMIA,13.330446200900607
CHIPURANA,22.052481356534095
LAMAS,20.404988861083986
SAN ISIDRO DE MAINO,10.25635051727295
JAZAN,14.382249069213866
TORIBIO CASANOVA,18.230849075317384
RECTA,
YURACYACU,19.459951400756836
SARAYACU,22.281634823638615
CUISPES,14.452001953125
SHIPASBAMBA,13.54455286661784
CHISQUILLA,11.909039306640626
JUMBILLA,11.191651407877604
NUEVA CAJAMARCA,15.706034342447918
CHOROS,18.142564174107143
CELENDIN,13.501226806640625
PUEBLO NUEVO,18.258657455444336
OCUMAL,13.662346394856772
SOLOCO,9.819899368286134
SANTA CRUZ,12.9657953898112
MONTEVIDEO,9.559205627441406
UTICYACU,12.59168300628662
LA ESPERANZA,12.47632999420166
FERREÑAFE,18.15654754638672
MIGUEL IGLESIAS,8.922098286946616
BAMBAMARCA,9.025599670410156
MANUEL ANTONIO MESONES MURO,18.50789031982422
JUAN GUERRA,21.14094009399414
MARISCAL CASTILLA,10.399358367919922
PACHIZA,18.309291234509697
SAN JOSE DE SISA,20.171594515713778
MOCHUMI,18.23742790222168
COCABAMBA,14.328008200905538
SANTO TOMAS,8.147571849822999
SEXI,12.649564906529019
CHANCAYBAÑOS,13.06696990966797
CONCHAN,10.273710021972656
ILLIMO,18.20261917114258
ZAPATERO,19.683634294782365
CHALAMARCA,9.007462615966796
MORALES,21.701154708862305
SANTA ROSA,
BELEN,22.576380004882814
SAN JUAN DE LA VIRGEN,21.458961181640625
CORRALES,22.303752899169922
PAPAYAL,21.996878923688616
TUMBES,21.88285903930664
AGUAS VERDES,22.688586044311524
INDIANA,22.761414683948864
ZARUMILLA,22.645908203125
PUNCHANA,22.717701577240565
SAN FERNANDO,19.181943511962892
CAJARURO,15.119844563802085
CANOAS DE PUNTA SAL,21.538195479543585
NAUTA,22.706025523190043
CASITAS,20.814100748697918
FERNANDO LORES,22.69559375
SAN PABLO,22.934505008627305
RAMON CASTILLA,22.972546548045152
PASTAZA,22.919819599873314
LAS AMAZONAS,22.814834299395162
PEBAS,22.87897277333106
MORONA,23.00898028325768
CHIRINOS,17.357200368245444
TABACONAS,11.940206570095487
SAN IGNACIO,17.49974482609675
NAMBALLE,13.7092529296875
SAN JOSE DE LOURDES,16.234022322944973
HUARANGO,17.491712646484373
IMAZA,19.339022135416666
EL CENEPA,19.829569611101522
RIO SANTIAGO,21.693560697115384
SAN JUAN DE BIGOTE,19.485030364990234
BUENOS AIRES,19.45589158799913
CANCHAQUE,16.326428985595705
LA MATANZA,19.34489397321429
CATACAOS,19.326097954644098
VEINTISEIS DE OCTUBRE,19.847286224365234
LALAQUIZ,16.041810913085936
SANTA CATALINA DE MOSSA,17.603240966796875
YAMANGO,15.47827845982143
MORROPON,19.297835431780136
HUANCABAMBA,11.084377644856769
CHALACO,13.596452941894531
PIURA,20.04649963378906
CASTILLA,19.958071899414065
SANTO DOMINGO,14.797465209960938
CHULUCANAS,19.490281394675925
MIGUEL CHECA,19.989078776041666
ARENAL,
LA HUACA,19.830962844122023
BELLAVISTA,
COLAN,19.77780113220215
EL CARMEN DE LA FRONTERA,10.690834408714657
SALITRAL,
VICHAYAL,19.933560943603517
FRIAS,14.918856811523437
AMOTAPE,19.929505920410158
TAMARINDO,20.052492523193358
PACAIPAMPA,13.73656394264915
IGNACIO ESCUDERO,20.077509416852678
SAPILLICA,16.404846530490452
LAGUNAS,14.312662833077567
TAMBO GRANDE,20.081437988281248
SULLANA,20.20265359317555
QUERECOTILLO,20.083675231933594
LA BREA,19.796992375300484
LAS LOMAS,19.918516138980262
MONTERO,17.311869049072264
PAIMAS,18.922575378417967
SICCHEZ,17.23326873779297
JILILI,18.032775115966796
AYABACA,14.922389190051021
PARIÑAS,20.14285505022321
LOBITOS,20.481024424235024
SUYO,19.99596435546875
EL ALTO,20.374307686941965
MARCAVELICA,19.909771613354952
LOS ORGANOS,20.956383841378347
MANCORA,21.270442962646484
LANCONES,19.930030992296004
OLMOS,18.895700412326388
PAITA,19.454971036044036
SECHURA,19.289692330867688
PILPICHACA,0.5062351331318895
SANTO TOMAS DE PATA,3.556529331207275
SAN ANTONIO DE ANTAPARCO,5.7167645454406735
JULCAMARCA,7.148902702331543
LIRCAY,1.5491617475237167
CHINCHO,10.73033447265625
SAN PEDRO,10.18465185546875
UPAHUACHO,3.271354002111098
SANTA LUCIA,9.869705810546876
SAN CRISTOBAL,5.948217671712239
CORONEL CASTAÑEDA,1.4759131354254644
SARHUA,3.393907928466797
VILCAS HUAMAN,5.001922716413225
VILCANCHOS,2.889163360595703
SANCOS,9.400571265587441
OYOLO,0.9336802368164061
SAISA,8.705915527343752
CHAVIÑA,5.8339975210336545
SAN JUAN,6.130805778503418
HUAMANQUIQUIA,5.803590583801269
ALCAMENCA,7.476503372192383
CORCULLA,8.123872756958008
SARA SARA,5.766620127360026
PAUSA,6.646868515014648
SAN JOSE DE USHUA,8.521437454223634
PARARCA,4.972702852884929
PULLO,8.803267415364584
PUYUSCA,5.220003940748132
LAMPA,4.068150997161865
MARCABAMBA,2.495247316360474
COLTA,3.5142745123969186
CHUMPI,6.348839499733665
SAN JAVIER DE ALPABAMBA,6.114806365966797
CORACORA,2.9312953218500666
LEONCIO PRADO,7.822347174750433
CHIPAO,2.805049171447754
LUCANAS,4.215903727213542
CABANA,3.40844486781529
OCAÑA,9.837201145717076
OTOCA,8.305598958333333
CARMEN SALCEDO,3.4432763780866353
SAN FRANCISCO DE RAVACAYCO,4.247464497884114
SORAS,3.2671500015258785
HUAC-HUAS,10.899991912841797
LARAMATE,5.71719812463831
LLAUTA,9.092804527282714
SANTIAGO DE PAUCARAY,3.5757889270782472
ASQUIPATA,5.387670230865479
AUCARA,3.6759934524009963
MORCOLLA,5.285691146850586
APONGO,4.059205627441406
PACAPAUSA,3.9244579315185546
PUQUIO,4.479127502441406
SANTA ANA DE HUAYCAHUACHO,6.970863628387451
ACCOMARCA,7.494693279266357
BELEN,8.78167667388916
CAYARA,7.082874870300293
HUANCARAYLLA,4.220737075805664
COLCA,9.021216201782227
SAURAMA,8.422577158610025
HUANCAPI,4.70783222743443
TOTOS,3.337265268961589
MARIA PARADO DE BELLIDO,4.267645072937012
LURICOCHA,11.151822471618653
UCHURACCAY,3.8571829795837402
SANTA ROSA,11.940640476771765
AYNA,11.173990715874567
CANGALLO,7.014154161725726
CONCEPCION,5.820208104451497
VISCHONGO,4.591921005249024
LOS MOROCHUCOS,4.026814185248481
CHUSCHI,2.822961601844201
PARAS,1.5131553377423967
OCROS,6.042470203746449
CHIARA,3.966029408772787
LUIS CARRANZA,4.288692760467529
CARMEN ALTO,
SAN JUAN BAUTISTA,9.24476490020752
ACOCRO,4.83528319138747
VINCHOS,2.836304521560669
ANDRES AVELINO CACERES DORREGARAY,
SOCOS,4.694909604390462
TAMBILLO,8.62866668701172
JESUS NAZARENO,9.572164726257324
AYACUCHO,10.016363525390625
SAN JOSE DE TICLLAS,8.28952465057373
ACOS VINCHOS,6.474405543009441
SANTIAGO DE PISCHA,9.243080329895019
PACAYCASA,10.455435943603515
QUINUA,6.400763416290284
ACARI,13.425514390733506
BELLA UNION,14.536617223227896
MI PERU,
YAGUAS,23.00502794989224
ROSA PANDURO,22.549683045504384
HUANTA,6.085484749930246
INKAWASI,9.492367426554363
ANDAYMARCA,9.984130986531575
QUICHUAS,4.9408611297607425
VILLA VIRGEN,10.719268798828125
JOSE MARIA ARGUEDAS,3.577639007568359
PUCACOLPA,8.285868581136068
TINTAY PUNCU,8.983073806762695
AYAHUANCO,7.827438909357244
VIZCATAN DEL ENE,15.966617376154119
VILLA KINTIARINA,15.645878165108817
LA YARADA LOS PALOS,16.000762329101562
LA MORADA,16.598267909458706
SANTA ROSA DE ALTO YANAJANCA,12.793814522879465
SAN PABLO DE PILLAO,12.268482123480904
CHACA,3.716701889038086
ROBLE,8.230837631225585
PICHOS,3.4893426513671875
ROCCHACC,8.24311866760254
EL PORVENIR,11.382784652709962
SANTIAGO DE TUCUMA,3.906190776824951
CHUNGUI,8.823562812805175
LOS CHANKAS,11.17249969482422
ECHARATE,14.62366186039306
JOSE CRESPO Y CASTILLO,17.12339266263522
HERMILIO VALDIZAN,17.973397064208985
DANIEL ALOMIA ROBLES,17.266315714518228
RUPA-RUPA,18.9002742767334
MARIANO DAMASO BERAUN,16.788468815730166
LUYANDO,19.286489868164065
PUCAYACU,17.54723779296875
CASTILLO GRANDE,19.085426584879556
PUEBLO NUEVO,18.45411635178786
SANTO DOMINGO DE ANDA,18.07663345336914
SAN MIGUEL,0.7626864016056061
HUAURA,16.741152572631837
